-- phpMyAdmin SQL Dump
-- version 5.2.1
-- https://www.phpmyadmin.net/
--
-- Host: 127.0.0.1
-- Generation Time: Nov 27, 2024 at 06:33 AM
-- Server version: 10.4.32-MariaDB
-- PHP Version: 8.2.12

SET SQL_MODE = "NO_AUTO_VALUE_ON_ZERO";
START TRANSACTION;
SET time_zone = "+00:00";


/*!40101 SET @OLD_CHARACTER_SET_CLIENT=@@CHARACTER_SET_CLIENT */;
/*!40101 SET @OLD_CHARACTER_SET_RESULTS=@@CHARACTER_SET_RESULTS */;
/*!40101 SET @OLD_COLLATION_CONNECTION=@@COLLATION_CONNECTION */;
/*!40101 SET NAMES utf8mb4 */;

--
-- Database: `angkatan3_laundry`
--

-- --------------------------------------------------------

--
-- Table structure for table `customer`
--

CREATE TABLE `customer` (
  `id` int(11) NOT NULL,
  `customer_name` varchar(50) NOT NULL,
  `phone` varchar(50) NOT NULL,
  `address` text NOT NULL,
  `created_at` timestamp NOT NULL DEFAULT current_timestamp(),
  `updated_at` timestamp NOT NULL DEFAULT current_timestamp() ON UPDATE current_timestamp(),
  `deleted_at` tinyint(4) NOT NULL DEFAULT 0
) ENGINE=InnoDB DEFAULT CHARSET=utf8mb4 COLLATE=utf8mb4_general_ci;

--
-- Dumping data for table `customer`
--

INSERT INTO `customer` (`id`, `customer_name`, `phone`, `address`, `created_at`, `updated_at`, `deleted_at`) VALUES
(1, 'test', '1234', 'werswfgfhfgh', '2024-11-15 02:38:50', '2024-11-15 05:11:56', 1),
(2, 'Atio', '084567890342', 'JL. Jalan jauh', '2024-11-15 04:40:58', '2024-11-15 04:40:58', 0),
(3, 'Rangga', '0809876543', 'Jl. doang jadian kagak', '2024-11-15 05:11:43', '2024-11-15 05:11:51', 0);

-- --------------------------------------------------------

--
-- Table structure for table `level`
--

CREATE TABLE `level` (
  `id` int(11) NOT NULL,
  `level_name` varchar(50) NOT NULL,
  `created_at` timestamp NOT NULL DEFAULT current_timestamp(),
  `updated_at` timestamp NOT NULL DEFAULT current_timestamp() ON UPDATE current_timestamp(),
  `deleted_at` tinyint(1) NOT NULL DEFAULT 0
) ENGINE=InnoDB DEFAULT CHARSET=utf8mb4 COLLATE=utf8mb4_general_ci;

--
-- Dumping data for table `level`
--

INSERT INTO `level` (`id`, `level_name`, `created_at`, `updated_at`, `deleted_at`) VALUES
(1, 'User', '2024-11-11 02:11:05', '2024-11-15 01:37:10', 0),
(2, 'Operator', '2024-11-11 02:11:05', '2024-11-15 01:36:53', 0),
(3, 'Admin', '2024-11-11 02:11:24', '2024-11-15 01:36:48', 0),
(4, 'tes123', '2024-11-12 07:48:13', '2024-11-15 02:20:41', 1);

-- --------------------------------------------------------

--
-- Table structure for table `trans_laundry_pickup`
--

CREATE TABLE `trans_laundry_pickup` (
  `id` int(11) NOT NULL,
  `id_order` int(11) NOT NULL,
  `id_customer` int(11) NOT NULL,
  `pickup_date` date NOT NULL,
  `pickup_pay` int(11) NOT NULL,
  `pickup_change` int(11) NOT NULL,
  `notes` text NOT NULL,
  `created_at` timestamp NOT NULL DEFAULT current_timestamp(),
  `updated_at` timestamp NOT NULL DEFAULT current_timestamp() ON UPDATE current_timestamp(),
  `deleted_at` int(11) NOT NULL DEFAULT 0
) ENGINE=InnoDB DEFAULT CHARSET=utf8mb4 COLLATE=utf8mb4_general_ci;

-- --------------------------------------------------------

--
-- Table structure for table `trans_order`
--

CREATE TABLE `trans_order` (
  `id` int(11) NOT NULL,
  `id_customer` int(11) NOT NULL,
  `order_code` varchar(50) NOT NULL,
  `order_date` varchar(50) NOT NULL,
  `order_status` tinyint(11) NOT NULL DEFAULT 0,
  `created_at` timestamp NOT NULL DEFAULT current_timestamp(),
  `updated_at` timestamp NOT NULL DEFAULT current_timestamp() ON UPDATE current_timestamp(),
  `deleted_at` int(11) NOT NULL DEFAULT 0
) ENGINE=InnoDB DEFAULT CHARSET=utf8mb4 COLLATE=utf8mb4_general_ci;

--
-- Dumping data for table `trans_order`
--

INSERT INTO `trans_order` (`id`, `id_customer`, `order_code`, `order_date`, `order_status`, `created_at`, `updated_at`, `deleted_at`) VALUES
(30, 2, 'INV-20112024-0001', 'Wednesday, 20-11-2024', 0, '2024-11-20 05:06:15', '2024-11-20 05:08:19', 0),
(31, 3, 'INV-20112024-00031', 'Wednesday, 20-11-2024', 0, '2024-11-20 05:06:41', '2024-11-20 05:06:41', 0);

-- --------------------------------------------------------

--
-- Table structure for table `trans_order_detail`
--

CREATE TABLE `trans_order_detail` (
  `id` int(11) NOT NULL,
  `id_order` int(11) NOT NULL,
  `id_service` int(11) NOT NULL,
  `qty` int(11) NOT NULL,
  `subtotal` int(11) NOT NULL,
  `notes` text DEFAULT NULL,
  `created_at` timestamp NOT NULL DEFAULT current_timestamp(),
  `updated_at` timestamp NOT NULL DEFAULT current_timestamp() ON UPDATE current_timestamp(),
  `deleted_at` int(11) NOT NULL DEFAULT 0
) ENGINE=InnoDB DEFAULT CHARSET=utf8mb4 COLLATE=utf8mb4_general_ci;

--
-- Dumping data for table `trans_order_detail`
--

INSERT INTO `trans_order_detail` (`id`, `id_order`, `id_service`, `qty`, `subtotal`, `notes`, `created_at`, `updated_at`, `deleted_at`) VALUES
(24, 30, 2, 6, 27000, NULL, '2024-11-20 05:06:15', '2024-11-20 05:06:15', 0),
(25, 31, 1, 5, 30000, NULL, '2024-11-20 05:06:41', '2024-11-20 05:06:41', 0),
(26, 31, 4, 7, 49000, NULL, '2024-11-20 05:06:41', '2024-11-20 05:06:41', 0);

-- --------------------------------------------------------

--
-- Table structure for table `type_of_service`
--

CREATE TABLE `type_of_service` (
  `id` int(11) NOT NULL,
  `service_name` varchar(50) NOT NULL,
  `price` float NOT NULL,
  `description` text NOT NULL,
  `created_at` timestamp NOT NULL DEFAULT current_timestamp(),
  `updated_at` timestamp NOT NULL DEFAULT current_timestamp() ON UPDATE current_timestamp(),
  `deleted_at` int(11) NOT NULL DEFAULT 0
) ENGINE=InnoDB DEFAULT CHARSET=utf8mb4 COLLATE=utf8mb4_general_ci;

--
-- Dumping data for table `type_of_service`
--

INSERT INTO `type_of_service` (`id`, `service_name`, `price`, `description`, `created_at`, `updated_at`, `deleted_at`) VALUES
(1, 'Cuci dan Gosok', 6000, 'Free wife', '2024-11-15 02:58:44', '2024-11-15 06:42:22', 0),
(2, 'Hanya Cuci', 4500, '', '2024-11-15 03:09:17', '2024-11-15 03:09:17', 0),
(3, 'Hanya Gosok ', 5000, '', '2024-11-15 03:10:15', '2024-11-15 03:10:15', 0),
(4, ' Laundry Besar', 7000, ' Seperti selimut, karpet, mantel dan sprei my love', '2024-11-15 03:10:35', '2024-11-15 08:34:51', 0);

-- --------------------------------------------------------

--
-- Table structure for table `user`
--

CREATE TABLE `user` (
  `id` int(11) NOT NULL,
  `id_level` int(11) NOT NULL,
  `name` varchar(50) NOT NULL,
  `email` varchar(50) NOT NULL,
  `password` varchar(50) NOT NULL,
  `profile_picture` varchar(50) NOT NULL,
  `created at` timestamp NOT NULL DEFAULT current_timestamp(),
  `updated at` timestamp NOT NULL DEFAULT current_timestamp() ON UPDATE current_timestamp(),
  `deleted_at` tinyint(1) NOT NULL DEFAULT 0
) ENGINE=InnoDB DEFAULT CHARSET=utf8mb4 COLLATE=utf8mb4_general_ci;

--
-- Dumping data for table `user`
--

INSERT INTO `user` (`id`, `id_level`, `name`, `email`, `password`, `profile_picture`, `created at`, `updated at`, `deleted_at`) VALUES
(1, 3, 'Admin', 'admin@gmail.com', '12345678', 'profile_picture1.jpeg', '2024-11-11 02:30:45', '2024-11-15 07:16:38', 0),
(4, 1, 'Admin Aplikasi', 'admin.aplikasi@gmail.com', '12345678', '', '2024-11-11 07:40:43', '2024-11-15 04:20:44', 1),
(5, 2, 'PIC Jurusan Web Programming', 'pic.jurusan.16@gmail.com', '12345678', '', '2024-11-12 01:28:54', '2024-11-15 04:20:42', 1),
(6, 2, 'PIC Jurusan Content Creator', 'pic.jurusan.15@gmail.com', '12345678', 'foto_profil_user6.jpg', '2024-11-12 02:20:00', '2024-11-20 13:42:07', 0),
(7, 2, 'PIC Jurusan Operator Komputer', 'pic.jurusan.01@gmail.com', '12345678', '', '2024-11-12 03:06:41', '2024-11-15 04:20:39', 1),
(8, 2, 'TEst', 'eren@gmail.com', '12345678', '', '2024-11-12 04:28:52', '2024-11-12 04:29:10', 1),
(9, 2, 'PIC Jurusan Tata Boga', 'pic.jurusan.4@gmail.com', '12345678', '', '2024-11-12 05:02:14', '2024-11-15 04:20:37', 1),
(11, 2, 'Reza123', 'reza@gmail.com', '12345678', '', '2024-11-12 07:44:38', '2024-11-14 04:39:13', 1),
(12, 0, 'sdefrgt', 'pic.jurusan.1sdfsdsd5@gmail.com', '`12345678', '', '2024-11-15 02:02:40', '2024-11-15 02:19:09', 1);

--
-- Indexes for dumped tables
--

--
-- Indexes for table `customer`
--
ALTER TABLE `customer`
  ADD PRIMARY KEY (`id`);

--
-- Indexes for table `level`
--
ALTER TABLE `level`
  ADD PRIMARY KEY (`id`);

--
-- Indexes for table `trans_laundry_pickup`
--
ALTER TABLE `trans_laundry_pickup`
  ADD PRIMARY KEY (`id`);

--
-- Indexes for table `trans_order`
--
ALTER TABLE `trans_order`
  ADD PRIMARY KEY (`id`);

--
-- Indexes for table `trans_order_detail`
--
ALTER TABLE `trans_order_detail`
  ADD PRIMARY KEY (`id`);

--
-- Indexes for table `type_of_service`
--
ALTER TABLE `type_of_service`
  ADD PRIMARY KEY (`id`);

--
-- Indexes for table `user`
--
ALTER TABLE `user`
  ADD PRIMARY KEY (`id`);

--
-- AUTO_INCREMENT for dumped tables
--

--
-- AUTO_INCREMENT for table `customer`
--
ALTER TABLE `customer`
  MODIFY `id` int(11) NOT NULL AUTO_INCREMENT, AUTO_INCREMENT=4;

--
-- AUTO_INCREMENT for table `level`
--
ALTER TABLE `level`
  MODIFY `id` int(11) NOT NULL AUTO_INCREMENT, AUTO_INCREMENT=5;

--
-- AUTO_INCREMENT for table `trans_laundry_pickup`
--
ALTER TABLE `trans_laundry_pickup`
  MODIFY `id` int(11) NOT NULL AUTO_INCREMENT;

--
-- AUTO_INCREMENT for table `trans_order`
--
ALTER TABLE `trans_order`
  MODIFY `id` int(11) NOT NULL AUTO_INCREMENT, AUTO_INCREMENT=32;

--
-- AUTO_INCREMENT for table `trans_order_detail`
--
ALTER TABLE `trans_order_detail`
  MODIFY `id` int(11) NOT NULL AUTO_INCREMENT, AUTO_INCREMENT=27;

--
-- AUTO_INCREMENT for table `type_of_service`
--
ALTER TABLE `type_of_service`
  MODIFY `id` int(11) NOT NULL AUTO_INCREMENT, AUTO_INCREMENT=5;

--
-- AUTO_INCREMENT for table `user`
--
ALTER TABLE `user`
  MODIFY `id` int(11) NOT NULL AUTO_INCREMENT, AUTO_INCREMENT=13;
COMMIT;

/*!40101 SET CHARACTER_SET_CLIENT=@OLD_CHARACTER_SET_CLIENT */;
/*!40101 SET CHARACTER_SET_RESULTS=@OLD_CHARACTER_SET_RESULTS */;
/*!40101 SET COLLATION_CONNECTION=@OLD_COLLATION_CONNECTION */;
